Nama,Ulasan,Rating
Q***s,"Celananya bagus, recommendedlah.
harga murah meriah, nyaman di pakai. 
Estimasi pengiriman sesuai. 
Maaf video ulasan melebihi UkuranğŸ˜",bintang 4
T***j,Pengiriman cepat dan aman,bintang 5
X***e,Bahan ny panas,bintang 2
C***t,oke,bintang 3
S***d,Bagus tebal,bintang 5
L***y,gak sesuai,bintang 1
F***b,"Best sih, sesuai dengan harga, bahan bagus, jahitan rapi, wort it lah untuk dibeli lagi",bintang 5
A***q,lumayan tebel,bintang 4
O***e,Paket aku di terima oleh orang lain,bintang 1
Q***s,"Celananya bagus, recommendedlah.
harga murah meriah, nyaman di pakai. 
Estimasi pengiriman sesuai. 
Maaf video ulasan melebihi UkuranğŸ˜",bintang 4
T***j,Pengiriman cepat dan aman,bintang 5
X***e,Bahan ny panas,bintang 2
C***t,oke,bintang 3
S***d,Bagus tebal,bintang 5
L***y,gak sesuai,bintang 1
F***b,"Best sih, sesuai dengan harga, bahan bagus, jahitan rapi, wort it lah untuk dibeli lagi",bintang 5
A***q,lumayan tebel,bintang 4
O***e,Paket aku di terima oleh orang lain,bintang 1
Q***s,"Celananya bagus, recommendedlah.
harga murah meriah, nyaman di pakai. 
Estimasi pengiriman sesuai. 
Maaf video ulasan melebihi UkuranğŸ˜",bintang 4
T***j,Pengiriman cepat dan aman,bintang 5
X***e,Bahan ny panas,bintang 2
C***t,oke,bintang 3
S***d,Bagus tebal,bintang 5
L***y,gak sesuai,bintang 1
F***b,"Best sih, sesuai dengan harga, bahan bagus, jahitan rapi, wort it lah untuk dibeli lagi",bintang 5
A***q,lumayan tebel,bintang 4
O***e,Paket aku di terima oleh orang lain,bintang 1
